id;nederlands
1;acne
2;adam
3;adel
4;adem
5;ader
6;afga
7;alto
8;ahob
9;ahoi
10;amah
11;amai
12;ambo
13;ambt
14;amen
15;anno
16;alle
17;aker
18;alge
19;area
20;arme
21;baai
22;baal
23;baan
24;baar
25;baas
26;baat
27;babe
28;berm
29;best
30;beuk
31;boer
32;bokt
33;bond
34;bood
35;brak
36;brie
37;brij
38;brom
39;brug
40;bult
41;chat
42;bult
43;cups
44;cola
45;cent
46;chai
47;chef
48;chic
49;coca
50;clip
51;daad
52;daag
53;daal
54;daar
55;dame
56;damt
57;darm
58;demo
59;dino
60;dipt
61;disk
62;dito
63;diva
64;doet
65;doms
66;duif
67;duig
68;duik
69;durf
70;dupe
71;egel
72;einde
73;eist
74;engs
75;eten
76;eter
77;etui
78;erft
79;ergo
80;erin
81;erom
82;erts
83;echt
84;echo
85;eeuw
86;feit
87;feta
88;fair
89;fans
90;faro
91;fase
92;fats
93;flab
94;flat
95;fles
96;fret
97;fout
98;fort
99;fors
100;foei
101;funk
102;fust
103;fuik
104;fokt
105;fooi
106;garde
107;fast
108;fauw
109;geco
110;geel
111;geil
112;geit
113;glas
114;gist
115;giro
116;gilde
117;gnoe
118;gort
119;goud
120;graf
121;hals
122;hand
123;hang
124;hemd
125;heng
126;hert
127;hesp
128;heug
129;hijs
130;heks
131;half
132;hupt
133;http
134;huik
135;huis
136;iris
137;ijkt
138;ibis
139;idee
140;idem
141;ijlt
142;ikke
143;inkt
144;item
145;indo
146;jaag
147;jaar
148;jank
149;joke
150;jojo
151;joep
152;jurk
153;jury
154;juut
155;juli
156;kalm
157;kano
158;kant
159;kapt
160;karn
161;keus
162;klick
163;kiek
164;kemp
165;kent
166;kerk
167;klilo
168;kilt
169;klas
170;klef
171;leds
172;lakt
173;lage
174;lady
175;lens
176;liep
177;liep
178;larf
179;land
180;loef
181;lork
182;logt
183;lukt
184;luxe
185;lynx
186;mets
187;mest
188;merk
189;meao
190;mayo
191;mauw
192;mais
193;mail
194;miep
195;mint
196;meur
197;mams
198;mama
199;mank
200;maki
201;nazi
202;neer
203;nekt
204;neme
205;neon
206;nerd
207;nero
208;neuk
209;nauw
210;nare
211;neus
212;nokt
213;nijp
214;niks
215;nimf
216;omga
217;onyx
218;onze
219;obus
220;omga
221;open
222;opra
223;orni
224;omeg
225;oude
226;paus
227;part
228;pauw
229;peso
230;peuk
231;piek
232;pept
233;poen
234;pens
235;pijl
236;plak
237;plan
238;pabo
239;pack
240;pads
241;quad
242;quiz
243;redt
244;remt
245;rent
246;reuk
247;reus
248;rail
249;regt
250;reik
251;tijk
252;rode
253;rang
254;rasp
255;rauw
256;race
257;ruig
258;ruwe
259;roze
260;roti
261;siri
262;sexy
263;sier
264;silo
265;slak
266;smid
267;smog
268;snak
269;smul
270;snel
271;snep
272;sake
273;sein
274;seks
275;sekt
276;taps
277;tarn
278;team
279;tijm
280;tikt
281;tips
282;tipt
283;tjap
284;thee
285;test
286;tent
287;terg
288;term
289;tien
290;tier
291;uien
292;unit
293;uwer
294;uren
295;uier
296;vips
297;vlag
298;vlak
299;vlam
300;vlas
301;vlei
302;vlek
303;vmbo
304;voer
305;voet
306;veto
307;verf
308;valk
309;vage
310;vaan
311;ware
312;wave
313;wiel
314;wiet
315;wend
316;welp
317;wegs
318;weid
319;wens
320;went
321;yeti
322;yogi
323;yoni
324;yelt
325;yens
326;yuan
327;yuca
328;zeef
329;zeek
330;zalm
331;zoab
332;zoal
333;zoek
334;zier
335;zerk
336;zonk
337;zwem
338;zwik
339;zwol
;
;
;
;
;
;
;
;
;
;
;
;
;
;
;
;
;
;
;
;
;
;
;
;
;
;
;
;
;
;
;
;
;
;
;
;
;
;
;
;
;
;
;
;
;
;
;
;
;
;
;
;
;
;
;
;
;
;
;
;
;
;
;
;
;
;
;
;
;
;
;
;
;
;
;
;
;
;
;
;
;
;
;
;
;
;
;
;
;
;
;
;
;
;
;
;
;
;
;
;
;
;
;
;
;
;
;
;
;
;
;
;
;
;
;
;
;
;
;
;
;
;
;
;
;
;
;
;
;
;
;
;
;
;
;
;
;
;
;
;
;
;
;
;
;
;
;
;
;
;
;
;
;
;
;
;
;
;
;
;
;
;
;
;
;
;
;
;
;
;
;
;
;
;
;
;
;
;
;
;
;
;
;
;
;
;
;
;
;
;
;
;
;
;
;
;
;
;
;
;
;
;
;
;
;
;
;
;
;
;
;
;
;
;
;
;
;
;
;
;
;
;
;
;
;
;
;
;
;
;
;
;
;
;
;
;
;
;
;
;
;
;
;
;
;
;
;
;
;
;
;
;
;
;
;
;
;
;
;
;
;
;
;
;
;
;
;
;
;
;
;
;
;
;
;
;
;
;
;
;
;
;
;
;
;
;
;
;
;
;
;
;
;
;
;
;
;
;
;
;
;
;
;
;
;
;
;
;
;
;
;
;
;
;
;
;
;
;
;
;
;
;
;
;
;
;
;
;
;
;
;
;
;
;
;
;
;
;
;
;
;
;
;
;
;
;
;
;
;
;
;
;
;
;
;
;
;
;
;
;
;
;
;
;
;
;
;
;
;
;
;
;
;
;
;
;
;
;
;
;
;
;
;
;
;
;
;
;
;
;
;
;
;
;
;
;
;
;
;
;
;
;
;
;
;
;
;
;
;
;
;
;
;
;
;
;
;
;
;
;
;
;
;
;
;
;
;
;
;
;
;
;
;
;
;
;
;
;
;
;
;
;
;
;
;
;
;
;
;
;
;
;
;
;
;
;
;
;
;
;
;
;
;
;
;
;
;
;
;
;
;
;
;
;
;
;
;
;
;
;
;
;
;
;
;
;
;
;
;
;
;
;
;
;
;
;
;
;
;
;
;
;
;
;
;
;
;
;
;
;
;
;
;
;
;
;
;
;
;
;
;
;
;
;
;
;
;
;
;
;
;
;
;
;
;
;
;
;
;
;
;
;
;
;
;
;
;
;
;
;
;
;
;
;
;
;
;
;
;
;
;
;
;
;
;
;
;
;
;
;
;
;
;
;
;
;
;
;
;
;
;
;
;
;
;
;
;
;
;
;
;
;
;
;
;
;
;
;
;
;
;
;
;
;
;
;
;
;
;
;
;
;
;
;
;
;
;
;
;
;
;
;
;
;
;
;
;
;
;
;
;
;
;
;
;
;
;
;
;
;
;
;
;
;
;
;
;
;
;
;
;
;
;
;
;
;
;
;
;
;
